DIA;CONC MARCH;CONC CIPER;MTT;%MTT
1;0;0;0,273;108,9639115
1;0;0;0,285;113,753534
1;0;0;0,243;96,98985531
1;0;0;0,253;100,9812074
1;0;0;0,251;100,182937
1;0;0;0,252;100,5820722
1;0;0;0,278;110,9595876
1;0;0;0,291;116,1483453
1;0;0;0,259;103,3760186
1;0;0;0,272;108,5647763
1;0;0;0,257;102,5777482
1;0;0;0,265;105,7708299
1;0;0;0,252;100,5820722
1;0;0;0,241;96,1915849
1;0;0;0,249;99,38466656
1;0;0;0,233;92,99850324
1;0;0;0,243;96,98985531
1;0;0;0,215;85,81406952
1;0;0;0,244;97,38899052
1;0;0;0,233;92,99850324
1;0;0;0,207;82,62098786
1;0;0;0,236;94,19590886
1;0;0;0,242;96,59072011
1;0;0;0,239;95,39331449
1;8,1;0,25;0,295;117,7448861
1;8,1;0,25;0,269;107,3673707
1;8,1;0,25;0,279;111,3587228
1;8,1;0,25;0,271;108,1656411
1;8,1;0,25;0,249;99,38466656
1;8,1;0,25;0,253;100,9812074
1;8,1;0,25;0,283;112,9552636
1;8,1;0,25;0,263;104,9725595
1;8,1;0,25;0,26;103,7751538
1;8,1;0,25;0,258;102,9768834
1;8,1;0,25;0,259;103,3760186
1;8,1;0,25;0,259;103,3760186
1;8,1;0,25;0,254;101,3803426
1;8,1;0,25;0,245;97,78812573
1;8,1;0,25;0,245;97,78812573
1;8,1;0,25;0,239;95,39331449
1;8,1;0,25;0,233;92,99850324
1;8,1;0,25;0,218;87,01147514
1;8,1;0,25;0,241;96,1915849
1;8,1;0,25;0,234;93,39763845
1;8,1;0,25;0,208;83,02012307
1;8,1;0,25;0,232;92,59936804
1;8,1;0,25;0,235;93,79677366
1;8,1;0,25;0,227;90,603692
1;16,2;0,5;0,223;89,00715117
1;16,2;0,5;0,289;115,3500748
1;16,2;0,5;0,256;102,178613
1;16,2;0,5;0,25;99,78380176
1;16,2;0,5;0,25;99,78380176
1;16,2;0,5;0,227;90,603692
1;16,2;0,5;0,236;94,19590886
1;16,2;0,5;0,255;101,7794778
1;16,2;0,5;0,238;94,99417928
1;16,2;0,5;0,261;104,174289
1;16,2;0,5;0,233;92,99850324
1;16,2;0,5;0,253;100,9812074
1;16,2;0,5;0,232;92,59936804
1;16,2;0,5;0,229;91,40196241
1;16,2;0,5;0,222;88,60801597
1;16,2;0,5;0,212;84,61666389
1;16,2;0,5;0,201;80,22617662
1;16,2;0,5;0,191;76,23482455
1;16,2;0,5;0,223;89,00715117
1;16,2;0,5;0,207;82,62098786
1;16,2;0,5;0,179;71,44520206
1;16,2;0,5;0,215;85,81406952
1;16,2;0,5;0,211;84,21752869
1;16,2;0,5;0,225;89,80542159
1;40,5;1,25;0,241;96,1915849
1;40,5;1,25;0,245;97,78812573
1;40,5;1,25;0,229;91,40196241
1;40,5;1,25;0,245;97,78812573
1;40,5;1,25;0,227;90,603692
1;40,5;1,25;0,248;98,98553135
1;40,5;1,25;0,242;96,59072011
1;40,5;1,25;0,246;98,18726093
1;40,5;1,25;0,242;96,59072011
1;40,5;1,25;0,231;92,20023283
1;40,5;1,25;0,246;98,18726093
1;40,5;1,25;0,217;86,61233993
1;40,5;1,25;0,209;83,41925827
1;40,5;1,25;0,179;71,44520206
1;40,5;1,25;0,19;75,83568934
1;40,5;1,25;0,201;80,22617662
1;40,5;1,25;0,18;71,84433727
1;40,5;1,25;0,151;60,26941626
1;40,5;1,25;0,173;69,05039082
1;40,5;1,25;0,185;73,8400133
1;40,5;1,25;0,169;67,45384999
1;40,5;1,25;0,181;72,24347248
1;40,5;1,25;0,199;79,4279062
1;40,5;1,25;0,172;68,65125561
1;81;2,5;0,16;63,86163313
1;81;2,5;0,148;59,07201064
1;81;2,5;0,141;56,27806419
1;81;2,5;0,135;53,88325295
1;81;2,5;0,117;46,69881923
1;81;2,5;0,134;53,48411774
1;81;2,5;0,131;52,28671212
1;81;2,5;0,142;56,6771994
1;81;2,5;0,12;47,89622485
1;81;2,5;0,134;53,48411774
1;81;2,5;0,121;48,29536005
1;81;2,5;0,123;49,09363047
1;81;2,5;0,139;55,47979378
1;81;2,5;0,137;54,68152337
1;81;2,5;0,155;61,86595709
1;81;2,5;0,139;55,47979378
1;81;2,5;0,135;53,88325295
1;81;2,5;0,098;39,11525029
1;81;2,5;0,128;51,0893065
1;81;2,5;0,117;46,69881923
1;81;2,5;0,126;50,29103609
1;81;2,5;0,132;52,68584733
1;81;2,5;0,143;57,07633461
1;81;2,5;0,142;56,6771994
1;162;5;0,157;62,66422751
1;162;5;0,116;46,29968402
1;162;5;0,096;38,31697988
1;162;5;0,112;44,70314319
1;162;5;0,089;35,52303343
1;162;5;0,106;42,30833195
1;162;5;0,116;46,29968402
1;162;5;0,144;57,47546982
1;162;5;0,117;46,69881923
1;162;5;0,13;51,88757692
1;162;5;0,091;36,32130384
1;162;5;0,119;47,49708964
1;162;5;0,09;35,92216863
1;162;5;0,117;46,69881923
1;162;5;0,096;38,31697988
1;162;5;0,105;41,90919674
1;162;5;0,103;41,11092633
1;162;5;0,076;30,33427574
1;162;5;0,118;47,09795443
1;162;5;0,091;36,32130384
1;162;5;0,076;30,33427574
1;162;5;0,069;27,54032929
1;162;5;0,086;34,32562781
1;162;5;0,072;28,73773491
1;405;12,5;0,009;3,592216863
1;405;12,5;0,009;3,592216863
1;405;12,5;0,002;0,798270414
1;405;12,5;0,007;2,793946449
1;405;12,5;0,006;2,394811242
1;405;12,5;0,006;2,394811242
1;405;12,5;0,002;0,798270414
1;405;12,5;0,009;3,592216863
1;405;12,5;0,004;1,596540828
1;405;12,5;0,007;2,793946449
1;405;12,5;0,006;2,394811242
1;405;12,5;0,003;1,197405621
1;405;12,5;0,007;2,793946449
1;405;12,5;0,009;3,592216863
1;405;12,5;0,008;3,193081656
1;405;12,5;0,004;1,596540828
1;405;12,5;0,001;0,399135207
1;405;12,5;0,004;1,596540828
1;405;12,5;0,011;4,390487278
1;405;12,5;0,006;2,394811242
1;405;12,5;0,015;5,987028106
1;405;12,5;0,008;3,193081656
1;405;12,5;0,003;1,197405621
1;405;12,5;0,009;3,592216863
1;810;25;0,01;3,991352071
1;810;25;0,008;3,193081656
1;810;25;0,01;3,991352071
1;810;25;0,007;2,793946449
1;810;25;0,005;1,995676035
1;810;25;0,005;1,995676035
1;810;25;0,002;0,798270414
1;810;25;0,025;9,978380176
1;810;25;0,007;2,793946449
1;810;25;0,009;3,592216863
1;810;25;0,006;2,394811242
1;810;25;0,006;2,394811242
1;810;25;0,008;3,193081656
1;810;25;0,01;3,991352071
1;810;25;0,008;3,193081656
1;810;25;0,012;4,789622485
1;810;25;0,015;5,987028106
1;810;25;0,009;3,592216863
1;810;25;0,013;5,188757692
1;810;25;0,012;4,789622485
1;810;25;0,021;8,381839348
1;810;25;0,013;5,188757692
1;810;25;0,02;7,982704141
1;810;25;0,01;3,991352071
2;0;0;0,136;85,75932738
2;0;0;0,151;95,21807672
2;0;0;0,138;87,02049396
2;0;0;0,17;107,1991592
2;0;0;0,191;120,4414083
2;0;0;0,149;93,95691014
2;0;0;0,148;93,32632685
2;0;0;0,157;99,00157646
2;0;0;0,142;89,54282712
2;0;0;0,157;99,00157646
2;0;0;0,184;116,0273253
2;0;0;0,156;98,37099317
2;0;0;0,145;91,43457698
2;0;0;0,146;92,06516027
2;0;0;0,154;97,10982659
2;0;0;0,157;99,00157646
2;0;0;0,15;94,58749343
2;0;0;0,155;97,74040988
2;0;0;0,167;105,3074094
2;0;0;0,159;100,262743
2;0;0;0,185;116,6579086
2;0;0;0,173;109,0909091
2;0;0;0,177;111,6132422
2;0;0;0,159;100,262743
2;8,1;0,25;0,14;88,28166054
2;8,1;0,25;0,153;96,4792433
2;8,1;0,25;0,16;100,8933263
2;8,1;0,25;0,161;101,5239096
2;8,1;0,25;0,169;106,5685759
2;8,1;0,25;0,163;102,7850762
2;8,1;0,25;0,144;90,80399369
2;8,1;0,25;0,142;89,54282712
2;8,1;0,25;0,147;92,69574356
2;8,1;0,25;0,163;102,7850762
2;8,1;0,25;0,163;102,7850762
2;8,1;0,25;0,157;99,00157646
2;8,1;0,25;0,136;85,75932738
2;8,1;0,25;0,133;83,86757751
2;8,1;0,25;0,146;92,06516027
2;8,1;0,25;0,138;87,02049396
2;8,1;0,25;0,165;104,0462428
2;8,1;0,25;0,163;102,7850762
2;8,1;0,25;0,156;98,37099317
2;8,1;0,25;0,145;91,43457698
2;8,1;0,25;0,168;105,9379926
2;8,1;0,25;0,195;122,9637415
2;8,1;0,25;0,194;122,3331582
2;8,1;0,25;0,183;115,396742
2;16,2;0,5;0,109;68,73357856
2;16,2;0,5;0,113;71,25591172
2;16,2;0,5;0,123;77,56174461
2;16,2;0,5;0,134;84,4981608
2;16,2;0,5;0,107;67,47241198
2;16,2;0,5;0,12;75,66999475
2;16,2;0,5;0,127;80,08407777
2;16,2;0,5;0,116;73,14766159
2;16,2;0,5;0,115;72,5170783
2;16,2;0,5;0,126;79,45349448
2;16,2;0,5;0,128;80,71466106
2;16,2;0,5;0,156;98,37099317
2;16,2;0,5;0,13;81,97582764
2;16,2;0,5;0,111;69,99474514
2;16,2;0,5;0,108;68,10299527
2;16,2;0,5;0,103;64,95007882
2;16,2;0,5;0,117;73,77824488
2;16,2;0,5;0,112;70,62532843
2;16,2;0,5;0,134;84,4981608
2;16,2;0,5;0,119;75,03941146
2;16,2;0,5;0,128;80,71466106
2;16,2;0,5;0,144;90,80399369
2;16,2;0,5;0,121;76,30057803
2;16,2;0,5;0,184;116,0273253
2;40,5;1,25;0,098;61,79716238
2;40,5;1,25;0,112;70,62532843
2;40,5;1,25;0,138;87,02049396
2;40,5;1,25;0,124;78,1923279
2;40,5;1,25;0,112;70,62532843
2;40,5;1,25;0,113;71,25591172
2;40,5;1,25;0,111;69,99474514
2;40,5;1,25;0,111;69,99474514
2;40,5;1,25;0,115;72,5170783
2;40,5;1,25;0,119;75,03941146
2;40,5;1,25;0,114;71,88649501
2;40,5;1,25;0,098;61,79716238
2;40,5;1,25;0,095;59,90541251
2;40,5;1,25;0,108;68,10299527
2;40,5;1,25;0,126;79,45349448
2;40,5;1,25;0,123;77,56174461
2;40,5;1,25;0,122;76,93116132
2;40,5;1,25;0,113;71,25591172
2;40,5;1,25;0,111;69,99474514
2;40,5;1,25;0,116;73,14766159
2;40,5;1,25;0,116;73,14766159
2;40,5;1,25;0,112;70,62532843
2;40,5;1,25;0,127;80,08407777
2;40,5;1,25;0,1;63,05832895
2;81;2,5;0,069;43,51024698
2;81;2,5;0,062;39,09616395
2;81;2,5;0,071;44,77141356
2;81;2,5;0,06;37,83499737
2;81;2,5;0,054;34,05149764
2;81;2,5;0,066;41,61849711
2;81;2,5;0,065;40,98791382
2;81;2,5;0,065;40,98791382
2;81;2,5;0,082;51,70782974
2;81;2,5;0,067;42,2490804
2;81;2,5;0,068;42,87966369
2;81;2,5;0,075;47,29374672
2;81;2,5;0,064;40,35733053
2;81;2,5;0,066;41,61849711
2;81;2,5;0,065;40,98791382
2;81;2,5;0,063;39,72674724
2;81;2,5;0,063;39,72674724
2;81;2,5;0,064;40,35733053
2;81;2,5;0,065;40,98791382
2;81;2,5;0,054;34,05149764
2;81;2,5;0,062;39,09616395
2;81;2,5;0,077;48,55491329
2;81;2,5;0,08;50,44666316
2;81;2,5;0,068;42,87966369
2;162;5;0,016;10,08933263
2;162;5;0,015;9,458749343
2;162;5;0,009;5,675249606
2;162;5;0,009;5,675249606
2;162;5;0,016;10,08933263
2;162;5;0,011;6,936416185
2;162;5;0,013;8,197582764
2;162;5;0,017;10,71991592
2;162;5;0,011;6,936416185
2;162;5;0,009;5,675249606
2;162;5;0,014;8,828166054
2;162;5;0,01;6,305832895
2;162;5;0,012;7,566999475
2;162;5;0,014;8,828166054
2;162;5;0,011;6,936416185
2;162;5;0,011;6,936416185
2;162;5;0,012;7,566999475
2;162;5;0,011;6,936416185
2;162;5;0,011;6,936416185
2;162;5;0,008;5,044666316
2;162;5;0,01;6,305832895
2;162;5;0,01;6,305832895
2;162;5;0,009;5,675249606
2;162;5;0,004;2,522333158
2;405;12,5;0,004;2,522333158
2;405;12,5;0,006;3,783499737
2;405;12,5;0,004;2,522333158
2;405;12,5;0,005;3,152916448
2;405;12,5;0,005;3,152916448
2;405;12,5;0,005;3,152916448
2;405;12,5;0,008;5,044666316
2;405;12,5;0,009;5,675249606
2;405;12,5;0,006;3,783499737
2;405;12,5;0,002;1,261166579
2;405;12,5;0,003;1,891749869
2;405;12,5;0,005;3,152916448
2;405;12,5;0;0
2;405;12,5;0;0
2;405;12,5;0;0
2;405;12,5;0;0
2;405;12,5;0;0
2;405;12,5;0;0
2;405;12,5;0;0
2;405;12,5;0;0
2;405;12,5;0;0
2;405;12,5;0;0
2;405;12,5;0;0
2;405;12,5;0;0
2;810;25;0,006;3,783499737
2;810;25;0,005;3,152916448
2;810;25;0,005;3,152916448
2;810;25;0,004;2,522333158
2;810;25;0,004;2,522333158
2;810;25;0,004;2,522333158
2;810;25;0,008;5,044666316
2;810;25;0,006;3,783499737
2;810;25;0,007;4,414083027
2;810;25;0,007;4,414083027
2;810;25;0,005;3,152916448
2;810;25;0,008;5,044666316
2;810;25;0,006;3,783499737
2;810;25;0,017;10,71991592
2;810;25;0,01;6,305832895
2;810;25;0,008;5,044666316
2;810;25;0;0
2;810;25;0,005;3,152916448
2;810;25;0,009;5,675249606
2;810;25;0,008;5,044666316
2;810;25;0,006;3,783499737
2;810;25;0,005;3,152916448
2;810;25;0,007;4,414083027
2;810;25;0,005;3,152916448
3;0;0;0,177;80,54607509
3;0;0;0,175;79,63594994
3;0;0;0,158;71,89988623
3;0;0;0,159;72,35494881
3;0;0;0,147;66,89419795
3;0;0;0,124;56,42775882
3;0;0;0,199;90,55745165
3;0;0;0,258;117,4061433
3;0;0;0,169;76,90557452
3;0;0;0,189;86,00682594
3;0;0;0,179;81,45620023
3;0;0;0,233;106,0295791
3;0;0;0,26;118,3162685
3;0;0;0,344;156,5415245
3;0;0;0,297;135,1535836
3;0;0;0,298;135,6086462
3;0;0;0,255;116,0409556
3;0;0;0,261;118,7713311
3;0;0;0,24;109,2150171
3;0;0;0,238;108,3048919
3;0;0;0,237;107,8498294
3;0;0;0,245;111,4903299
3;0;0;0,241;109,6700796
3;0;0;0,191;86,91695108
3;8,1;0,25;0,195;88,73720137
3;8,1;0,25;0,265;120,5915813
3;8,1;0,25;0,189;86,00682594
3;8,1;0,25;0,177;80,54607509
3;8,1;0,25;0,173;78,7258248
3;8,1;0,25;0,172;78,27076223
3;8,1;0,25;0,276;125,5972696
3;8,1;0,25;0,204;92,83276451
3;8,1;0,25;0,168;76,45051195
3;8,1;0,25;0,267;121,5017065
3;8,1;0,25;0,216;98,29351536
3;8,1;0,25;0,279;126,9624573
3;8,1;0,25;0,281;127,8725825
3;8,1;0,25;0,3;136,5187713
3;8,1;0,25;0,267;121,5017065
3;8,1;0,25;0,253;115,1308305
3;8,1;0,25;0,262;119,2263936
3;8,1;0,25;0,251;114,2207053
3;8,1;0,25;0,283;128,7827076
3;8,1;0,25;0,255;116,0409556
3;8,1;0,25;0,24;109,2150171
3;8,1;0,25;0,258;117,4061433
3;8,1;0,25;0,25;113,7656428
3;8,1;0,25;0,204;92,83276451
3;16,2;0,5;0,246;111,9453925
3;16,2;0,5;0,277;126,0523322
3;16,2;0,5;0,211;96,0182025
3;16,2;0,5;0,15;68,25938567
3;16,2;0,5;0,275;125,1422071
3;16,2;0,5;0,166;75,5403868
3;16,2;0,5;0,244;111,0352673
3;16,2;0,5;0,131;59,61319681
3;16,2;0,5;0,199;90,55745165
3;16,2;0,5;0,293;133,3333333
3;16,2;0,5;0,136;61,88850967
3;16,2;0,5;0,242;110,1251422
3;16,2;0,5;0,23;104,6643914
3;16,2;0,5;0,231;105,1194539
3;16,2;0,5;0,202;91,92263936
3;16,2;0,5;0,197;89,64732651
3;16,2;0,5;0,196;89,19226394
3;16,2;0,5;0,221;100,5688282
3;16,2;0,5;0,28;127,4175199
3;16,2;0,5;0,226;102,8441411
3;16,2;0,5;0,239;108,7599545
3;16,2;0,5;0,23;104,6643914
3;16,2;0,5;0,208;94,65301479
3;16,2;0,5;0,218;99,2036405
3;40,5;1,25;0,341;155,1763367
3;40,5;1,25;0,357;162,4573379
3;40,5;1,25;0,223;101,4789534
3;40,5;1,25;0,176;80,09101251
3;40,5;1,25;0,169;76,90557452
3;40,5;1,25;0,193;87,82707622
3;40,5;1,25;0,187;85,0967008
3;40,5;1,25;0,107;48,69169511
3;40,5;1,25;0,184;83,73151308
3;40,5;1,25;0,163;74,17519909
3;40,5;1,25;0,113;51,42207053
3;40,5;1,25;0,205;93,28782708
3;40,5;1,25;0,228;103,7542662
3;40,5;1,25;0,231;105,1194539
3;40,5;1,25;0,221;100,5688282
3;40,5;1,25;0,195;88,73720137
3;40,5;1,25;0,193;87,82707622
3;40,5;1,25;0,198;90,10238908
3;40,5;1,25;0,257;116,9510808
3;40,5;1,25;0,213;96,92832765
3;40,5;1,25;0,226;102,8441411
3;40,5;1,25;0,204;92,83276451
3;40,5;1,25;0,234;106,4846416
3;40,5;1,25;0,15;68,25938567
3;81;2,5;0,24;109,2150171
3;81;2,5;0,222;101,0238908
3;81;2,5;0,13;59,15813424
3;81;2,5;0,1;45,50625711
3;81;2,5;0,096;43,68600683
3;81;2,5;0,123;55,97269625
3;81;2,5;0,122;55,51763367
3;81;2,5;0,106;48,23663254
3;81;2,5;0,076;34,5847554
3;81;2,5;0,136;61,88850967
3;81;2,5;0,172;78,27076223
3;81;2,5;0,143;65,07394767
3;81;2,5;0,127;57,79294653
3;81;2,5;0,138;62,79863481
3;81;2,5;0,121;55,0625711
3;81;2,5;0,108;49,14675768
3;81;2,5;0,128;58,2480091
3;81;2,5;0,114;51,87713311
3;81;2,5;0,157;71,44482366
3;81;2,5;0,112;50,96700796
3;81;2,5;0,123;55,97269625
3;81;2,5;0,106;48,23663254
3;81;2,5;0,119;54,15244596
3;81;2,5;0,106;48,23663254
3;162;5;0,022;10,01137656
3;162;5;0,08;36,40500569
3;162;5;0,069;31,39931741
3;162;5;0,024;10,92150171
3;162;5;0,03;13,65187713
3;162;5;0,025;11,37656428
3;162;5;0,009;4,09556314
3;162;5;0,003;1,365187713
3;162;5;0,013;5,915813424
3;162;5;0,038;17,2923777
3;162;5;0,119;54,15244596
3;162;5;0,069;31,39931741
3;162;5;0,023;10,46643914
3;162;5;0,03;13,65187713
3;162;5;0,024;10,92150171
3;162;5;0,026;11,83162685
3;162;5;0,024;10,92150171
3;162;5;0,014;6,370875995
3;162;5;0,031;14,1069397
3;162;5;0,011;5,005688282
3;162;5;0,013;5,915813424
3;162;5;0,009;4,09556314
3;162;5;0,019;8,646188851
3;162;5;0,012;5,460750853
3;405;12,5;0;0
3;405;12,5;0,005;2,275312856
3;405;12,5;0,002;0,910125142
3;405;12,5;0,008;3,640500569
3;405;12,5;0,005;2,275312856
3;405;12,5;0,011;5,005688282
3;405;12,5;0,002;0,910125142
3;405;12,5;0,004;1,820250284
3;405;12,5;0,004;1,820250284
3;405;12,5;0;0
3;405;12,5;0,043;19,56769056
3;405;12,5;0,027;12,28668942
3;405;12,5;0;0
3;405;12,5;0,003;1,365187713
3;405;12,5;0,001;0,455062571
3;405;12,5;0,01;4,550625711
3;405;12,5;0,007;3,185437998
3;405;12,5;0,005;2,275312856
3;405;12,5;0,004;1,820250284
3;405;12,5;0,003;1,365187713
3;405;12,5;0,005;2,275312856
3;405;12,5;0,003;1,365187713
3;405;12,5;0,019;8,646188851
3;405;12,5;0,006;2,730375427
3;810;25;0,005;2,275312856
3;810;25;0,006;2,730375427
3;810;25;0,007;3,185437998
3;810;25;0,004;1,820250284
3;810;25;0,004;1,820250284
3;810;25;0,003;1,365187713
3;810;25;0,003;1,365187713
3;810;25;0,002;0,910125142
3;810;25;0,003;1,365187713
3;810;25;0,005;2,275312856
3;810;25;0,003;1,365187713
3;810;25;0,003;1,365187713
3;810;25;0,008;3,640500569
3;810;25;0,007;3,185437998
3;810;25;0,007;3,185437998
3;810;25;0,011;5,005688282
3;810;25;0,005;2,275312856
3;810;25;0,006;2,730375427
3;810;25;0,009;4,09556314
3;810;25;0,008;3,640500569
3;810;25;0,012;5,460750853
3;810;25;0,01;4,550625711
3;810;25;0,008;3,640500569
3;810;25;0,01;4,550625711
4;0;0;0,43;105,7160418
4;0;0;0,368;90,47326368
4;0;0;0,358;88,01475108
4;0;0;0,367;90,22741242
4;0;0;0,395;97,1112477
4;0;0;0,419;103,0116779
4;0;0;0,39;95,8819914
4;0;0;0,401;98,58635526
4;0;0;0,493;121,2046712
4;0;0;0,406;99,81561156
4;0;0;0,444;109,1579594
4;0;0;0,451;110,8789183
4;0;0;0,497;122,1880762
4;0;0;0,477;117,271051
4;0;0;0,461;113,3374309
4;0;0;0,418;102,7658267
4;0;0;0,406;99,81561156
4;0;0;0,427;104,978488
4;0;0;0,363;89,24400738
4;0;0;0,391;96,12784266
4;0;0;0,371;91,21081746
4;0;0;0,375;92,1942225
4;0;0;0,338;83,09772588
4;0;0;0,316;77,68899816
4;8,1;0,25;0,385;94,6527351
4;8,1;0,25;0,442;108,6662569
4;8,1;0,25;0,344;84,57283344
4;8,1;0,25;0,364;89,48985864
4;8,1;0,25;0,415;102,0282729
4;8,1;0,25;0,464;114,0749846
4;8,1;0,25;0,501;123,1714813
4;8,1;0,25;0,579;142,3478795
4;8,1;0,25;0,533;131,0387216
4;8,1;0,25;0,456;112,1081746
4;8,1;0,25;0,46;113,0915796
4;8,1;0,25;0,425;104,4867855
4;8,1;0,25;0,49;120,4671174
4;8,1;0,25;0,52;127,8426552
4;8,1;0,25;0,519;127,5968039
4;8,1;0,25;0,5;122,92563
4;8,1;0,25;0,464;114,0749846
4;8,1;0,25;0,413;101,5365704
4;8,1;0,25;0,422;103,7492317
4;8,1;0,25;0,46;113,0915796
4;8,1;0,25;0,438;107,6828519
4;8,1;0,25;0,406;99,81561156
4;8,1;0,25;0,65;159,803319
4;8,1;0,25;0,404;99,32390904
4;16,2;0,5;0,351;86,29379226
4;16,2;0,5;0,377;92,68592502
4;16,2;0,5;0,368;90,47326368
4;16,2;0,5;0,33;81,1309158
4;16,2;0,5;0,39;95,8819914
4;16,2;0,5;0,423;103,995083
4;16,2;0,5;0,464;114,0749846
4;16,2;0,5;0,464;114,0749846
4;16,2;0,5;0,617;151,6902274
4;16,2;0,5;0,484;118,9920098
4;16,2;0,5;0,438;107,6828519
4;16,2;0,5;0,426;104,7326368
4;16,2;0,5;0,437;107,4370006
4;16,2;0,5;0,475;116,7793485
4;16,2;0,5;0,51;125,3841426
4;16,2;0,5;0,44;108,1745544
4;16,2;0,5;0,436;107,1911494
4;16,2;0,5;0,416;102,2741242
4;16,2;0,5;0,441;108,4204057
4;16,2;0,5;0,419;103,0116779
4;16,2;0,5;0,407;100,0614628
4;16,2;0,5;0,404;99,32390904
4;16,2;0,5;0,429;105,4701905
4;16,2;0,5;0,376;92,44007376
4;40,5;1,25;0,351;86,29379226
4;40,5;1,25;0,408;100,3073141
4;40,5;1,25;0,378;92,93177628
4;40,5;1,25;0,365;89,7357099
4;40,5;1,25;0,433;106,4535956
4;40,5;1,25;0,431;105,9618931
4;40,5;1,25;0,429;105,4701905
4;40,5;1,25;0,577;141,856177
4;40,5;1,25;0,61;149,9692686
4;40,5;1,25;0,47;115,5500922
4;40,5;1,25;0,435;106,9452981
4;40,5;1,25;0,37;90,9649662
4;40,5;1,25;0,478;117,5169023
4;40,5;1,25;0,501;123,1714813
4;40,5;1,25;0,561;137,9225569
4;40,5;1,25;0,506;124,4007376
4;40,5;1,25;0,435;106,9452981
4;40,5;1,25;0,474;116,5334972
4;40,5;1,25;0,431;105,9618931
4;40,5;1,25;0,465;114,3208359
4;40,5;1,25;0,454;111,616472
4;40,5;1,25;0,434;106,6994468
4;40,5;1,25;0,448;110,1413645
4;40,5;1,25;0,374;91,94837124
4;81;2,5;0,277;68,10079902
4;81;2,5;0,29;71,2968654
4;81;2,5;0,256;62,93792256
4;81;2,5;0,315;77,4431469
4;81;2,5;0,381;93,66933006
4;81;2,5;0,588;144,5605409
4;81;2,5;0,51;125,3841426
4;81;2,5;0,474;116,5334972
4;81;2,5;0,475;116,7793485
4;81;2,5;0,391;96,12784266
4;81;2,5;0,353;86,78549478
4;81;2,5;0,309;75,96803934
4;81;2,5;0,403;99,07805778
4;81;2,5;0,401;98,58635526
4;81;2,5;0,436;107,1911494
4;81;2,5;0,333;81,86846958
4;81;2,5;0,332;81,62261832
4;81;2,5;0,405;99,5697603
4;81;2,5;0,322;79,16410572
4;81;2,5;0,345;84,8186847
4;81;2,5;0,368;90,47326368
4;81;2,5;0,356;87,52304856
4;81;2,5;0,322;79,16410572
4;81;2,5;0,286;70,31346036
4;162;5;0,232;57,03749232
4;162;5;0,158;38,84449908
4;162;5;0,159;39,09035034
4;162;5;0,276;67,85494776
4;162;5;0,302;74,24708052
4;162;5;0,286;70,31346036
4;162;5;0,318;78,18070068
4;162;5;0,327;80,39336202
4;162;5;0,319;78,42655194
4;162;5;0,272;66,87154272
4;162;5;0,253;62,20036878
4;162;5;0,2;49,170252
4;162;5;0,292;71,78856792
4;162;5;0,29;71,2968654
4;162;5;0,308;75,72218808
4;162;5;0,232;57,03749232
4;162;5;0,281;69,08420406
4;162;5;0,235;57,7750461
4;162;5;0,214;52,61216964
4;162;5;0,231;56,79164106
4;162;5;0,24;59,0043024
4;162;5;0,252;61,95451752
4;162;5;0,185;45,4824831
4;162;5;0,153;37,61524278
4;405;12,5;0,011;2,70436386
4;405;12,5;0,016;3,93362016
4;405;12,5;0,014;3,44191764
4;405;12,5;0,019;4,67117394
4;405;12,5;0,015;3,6877689
4;405;12,5;0,017;4,17947142
4;405;12,5;0,022;5,40872772
4;405;12,5;0,019;4,67117394
4;405;12,5;0,019;4,67117394
4;405;12,5;0,017;4,17947142
4;405;12,5;0,034;8,35894284
4;405;12,5;0,019;4,67117394
4;405;12,5;0,025;6,1462815
4;405;12,5;0,016;3,93362016
4;405;12,5;0,026;6,39213276
4;405;12,5;0,017;4,17947142
4;405;12,5;0,019;4,67117394
4;405;12,5;0,014;3,44191764
4;405;12,5;0,016;3,93362016
4;405;12,5;0,019;4,67117394
4;405;12,5;0,016;3,93362016
4;405;12,5;0,024;5,90043024
4;405;12,5;0,018;4,42532268
4;405;12,5;0,019;4,67117394
4;810;25;0,007;1,72095882
4;810;25;0,007;1,72095882
4;810;25;0,011;2,70436386
4;810;25;0,008;1,96681008
4;810;25;0,006;1,47510756
4;810;25;0,006;1,47510756
4;810;25;0,007;1,72095882
4;810;25;0,007;1,72095882
4;810;25;0,01;2,4585126
4;810;25;0,006;1,47510756
4;810;25;0,006;1,47510756
4;810;25;0,008;1,96681008
4;810;25;0,014;3,44191764
4;810;25;0,01;2,4585126
4;810;25;0,009;2,21266134
4;810;25;0,006;1,47510756
4;810;25;0,008;1,96681008
4;810;25;0,009;2,21266134
4;810;25;0,011;2,70436386
4;810;25;0,008;1,96681008
4;810;25;0,01;2,4585126
4;810;25;0,009;2,21266134
4;810;25;0,01;2,4585126
4;810;25;0,008;1,96681008
5;0;0;0,079;63,79542396
5;0;0;0,101;81,56123822
5;0;0;0,096;77,52355316
5;0;0;0,131;105,7873486
5;0;0;0,132;106,5948856
5;0;0;0,134;108,2099596
5;0;0;0,119;96,09690444
5;0;0;0,125;100,9421265
5;0;0;0,171;138,0888291
5;0;0;0,127;102,5572005
5;0;0;0,125;100,9421265
5;0;0;0,1;80,75370121
5;0;0;0,155;125,1682369
5;0;0;0,146;117,9004038
5;0;0;0,139;112,2476447
5;0;0;0,132;106,5948856
5;0;0;0,125;100,9421265
5;0;0;0,113;91,25168237
5;0;0;0,131;105,7873486
5;0;0;0,108;87,21399731
5;0;0;0,114;92,05921938
5;0;0;0,126;101,7496635
5;0;0;0,117;94,48183042
5;0;0;0,126;101,7496635
5;8,1;0,25;0,109;88,02153432
5;8,1;0,25;0,146;117,9004038
5;8,1;0,25;0,179;144,5491252
5;8,1;0,25;0,234;188,9636608
5;8,1;0,25;0,13;104,9798116
5;8,1;0,25;0,143;115,4777927
5;8,1;0,25;0,127;102,5572005
5;8,1;0,25;0,108;87,21399731
5;8,1;0,25;0,119;96,09690444
5;8,1;0,25;0,26;209,9596231
5;8,1;0,25;0,162;130,820996
5;8,1;0,25;0,104;83,98384926
5;8,1;0,25;0,135;109,0174966
5;8,1;0,25;0,158;127,5908479
5;8,1;0,25;0,1;80,75370121
5;8,1;0,25;0,15;121,1305518
5;8,1;0,25;0,138;111,4401077
5;8,1;0,25;0,132;106,5948856
5;8,1;0,25;0,125;100,9421265
5;8,1;0,25;0,115;92,86675639
5;8,1;0,25;0,126;101,7496635
5;8,1;0,25;0,119;96,09690444
5;8,1;0,25;0,103;83,17631225
5;8,1;0,25;0,179;144,5491252
5;16,2;0,5;0,11;88,82907133
5;16,2;0,5;0,102;82,36877524
5;16,2;0,5;0,127;102,5572005
5;16,2;0,5;0,082;66,21803499
5;16,2;0,5;0,105;84,79138627
5;16,2;0,5;0,114;92,05921938
5;16,2;0,5;0,097;78,33109017
5;16,2;0,5;0,087;70,25572005
5;16,2;0,5;0,086;69,44818304
5;16,2;0,5;0,217;175,2355316
5;16,2;0,5;0,137;110,6325707
5;16,2;0,5;0,131;105,7873486
5;16,2;0,5;0,148;119,5154778
5;16,2;0,5;0,116;93,67429341
5;16,2;0,5;0,119;96,09690444
5;16,2;0,5;0,119;96,09690444
5;16,2;0,5;0,112;90,44414536
5;16,2;0,5;0,098;79,13862719
5;16,2;0,5;0,14;113,0551817
5;16,2;0,5;0,108;87,21399731
5;16,2;0,5;0,09;72,67833109
5;16,2;0,5;0,111;89,63660834
5;16,2;0,5;0,094;75,90847914
5;16,2;0,5;0,141;113,8627187
5;40,5;1,25;0,248;200,269179
5;40,5;1,25;0,138;111,4401077
5;40,5;1,25;0,141;113,8627187
5;40,5;1,25;0,105;84,79138627
5;40,5;1,25;0,117;94,48183042
5;40,5;1,25;0,119;96,09690444
5;40,5;1,25;0,104;83,98384926
5;40,5;1,25;0,114;92,05921938
5;40,5;1,25;0,115;92,86675639
5;40,5;1,25;0,206;166,3526245
5;40,5;1,25;0,138;111,4401077
5;40,5;1,25;0,09;72,67833109
5;40,5;1,25;0,141;113,8627187
5;40,5;1,25;0,13;104,9798116
5;40,5;1,25;0,12;96,90444145
5;40,5;1,25;0,137;110,6325707
5;40,5;1,25;0,111;89,63660834
5;40,5;1,25;0,106;85,59892328
5;40,5;1,25;0,141;113,8627187
5;40,5;1,25;0,122;98,51951548
5;40,5;1,25;0,104;83,98384926
5;40,5;1,25;0,112;90,44414536
5;40,5;1,25;0,144;116,2853297
5;40,5;1,25;0,184;148,5868102
5;81;2,5;0,193;155,8546433
5;81;2,5;0,112;90,44414536
5;81;2,5;0,11;88,82907133
5;81;2,5;0,068;54,91251682
5;81;2,5;0,077;62,18034993
5;81;2,5;0,084;67,83310902
5;81;2,5;0,077;62,18034993
5;81;2,5;0,064;51,68236878
5;81;2,5;0,073;58,95020188
5;81;2,5;0,192;155,0471063
5;81;2,5;0,121;97,71197847
5;81;2,5;0,087;70,25572005
5;81;2,5;0,096;77,52355316
5;81;2,5;0,099;79,9461642
5;81;2,5;0,079;63,79542396
5;81;2,5;0,087;70,25572005
5;81;2,5;0,079;63,79542396
5;81;2,5;0,089;71,87079408
5;81;2,5;0,1;80,75370121
5;81;2,5;0,09;72,67833109
5;81;2,5;0,08;64,60296097
5;81;2,5;0,101;81,56123822
5;81;2,5;0,084;67,83310902
5;81;2,5;0,142;114,6702557
5;162;5;0,044;35,53162853
5;162;5;0,026;20,99596231
5;162;5;0,03;24,22611036
5;162;5;0,031;25,03364738
5;162;5;0,029;23,41857335
5;162;5;0,024;19,38088829
5;162;5;0,03;24,22611036
5;162;5;0,024;19,38088829
5;162;5;0,022;17,76581427
5;162;5;0,041;33,1090175
5;162;5;0,036;29,07133244
5;162;5;0,029;23,41857335
5;162;5;0,121;97,71197847
5;162;5;0,039;31,49394347
5;162;5;0,027;21,80349933
5;162;5;0,036;29,07133244
5;162;5;0,029;23,41857335
5;162;5;0,023;18,57335128
5;162;5;0,03;24,22611036
5;162;5;0,025;20,1884253
5;162;5;0,02;16,15074024
5;162;5;0,02;16,15074024
5;162;5;0,031;25,03364738
5;162;5;0,027;21,80349933
5;405;12,5;0,022;17,76581427
5;405;12,5;0,032;25,84118439
5;405;12,5;0,026;20,99596231
5;405;12,5;0,034;27,45625841
5;405;12,5;0,033;26,6487214
5;405;12,5;0,025;20,1884253
5;405;12,5;0,021;16,95827725
5;405;12,5;0,03;24,22611036
5;405;12,5;0,025;20,1884253
5;405;12,5;0,017;13,72812921
5;405;12,5;0,034;27,45625841
5;405;12,5;0,028;22,61103634
5;405;12,5;0,022;17,76581427
5;405;12,5;0,026;20,99596231
5;405;12,5;0,023;18,57335128
5;405;12,5;0,038;30,68640646
5;405;12,5;0,022;17,76581427
5;405;12,5;0,027;21,80349933
5;405;12,5;0,018;14,53566622
5;405;12,5;0,026;20,99596231
5;405;12,5;0,023;18,57335128
5;405;12,5;0,018;14,53566622
5;405;12,5;0,033;26,6487214
5;405;12,5;0,025;20,1884253
5;810;25;0,029;23,41857335
5;810;25;0,032;25,84118439
5;810;25;0,027;21,80349933
5;810;25;0,034;27,45625841
5;810;25;0,035;28,26379542
5;810;25;0,024;19,38088829
5;810;25;0,03;24,22611036
5;810;25;0,027;21,80349933
5;810;25;0,031;25,03364738
5;810;25;0,027;21,80349933
5;810;25;0,033;26,6487214
5;810;25;0,003;2,422611036
5;810;25;0,03;24,22611036
5;810;25;0,031;25,03364738
5;810;25;0,032;25,84118439
5;810;25;0,032;25,84118439
5;810;25;0,027;21,80349933
5;810;25;0,029;23,41857335
5;810;25;0,028;22,61103634
5;810;25;0,028;22,61103634
5;810;25;0,027;21,80349933
5;810;25;0,028;22,61103634
5;810;25;0,027;21,80349933
5;810;25;0,028;22,61103634
6;0;0;0,151;80,08249853
6;0;0;0,12;63,64172068
6;0;0;0,195;103,4177961
6;0;0;0,237;125,6923984
6;0;0;0,219;116,1461402
6;0;0;0,198;105,0088391
6;0;0;0,166;88,03771361
6;0;0;0,181;95,9929287
6;0;0;0,167;88,56806128
6;0;0;0,209;110,8426635
6;0;0;0,222;117,7371833
6;0;0;0,206;109,2516205
6;0;0;0,221;117,2068356
6;0;0;0,203;107,6605775
6;0;0;0,18;95,46258103
6;0;0;0,191;101,2964054
6;0;0;0,183;97,05362404
6;0;0;0,145;76,90041249
6;8,1;0,25;0,147;77,96110784
6;8,1;0,25;0,13;68,94519741
6;8,1;0,25;0,184;97,58397171
6;8,1;0,25;0,2;106,0695345
6;8,1;0,25;0,159;84,32527991
6;8,1;0,25;0,19;100,7660577
6;8,1;0,25;0,16;84,85562758
6;8,1;0,25;0,161;85,38597525
6;8,1;0,25;0,15;79,55215085
6;8,1;0,25;0,164;86,97701827
6;8,1;0,25;0,175;92,81084266
6;8,1;0,25;0,17;90,1591043
6;8,1;0,25;0,234;124,1013553
6;8,1;0,25;0,242;128,3441367
6;8,1;0,25;0,221;117,2068356
6;8,1;0,25;0,21;111,3730112
6;8,1;0,25;0,214;113,4944019
6;8,1;0,25;0,182;96,52327637
6;16,2;0,5;0,132;70,00589275
6;16,2;0,5;0,131;69,47554508
6;16,2;0,5;0,163;86,4466706
6;16,2;0,5;0,168;89,09840896
6;16,2;0,5;0,182;96,52327637
6;16,2;0,5;0,212;112,4337065
6;16,2;0,5;0,16;84,85562758
6;16,2;0,5;0,161;85,38597525
6;16,2;0,5;0,15;79,55215085
6;16,2;0,5;0,164;86,97701827
6;16,2;0,5;0,175;92,81084266
6;16,2;0,5;0,17;90,1591043
6;16,2;0,5;0,205;108,7212728
6;16,2;0,5;0,159;84,32527991
6;16,2;0,5;0,186;98,64466706
6;16,2;0,5;0,193;102,3571008
6;16,2;0,5;0,21;111,3730112
6;16,2;0,5;0,177;93,87153801
6;40,5;1,25;0,13;68,94519741
6;40,5;1,25;0,134;71,0665881
6;40,5;1,25;0,145;76,90041249
6;40,5;1,25;0,167;88,56806128
6;40,5;1,25;0,184;97,58397171
6;40,5;1,25;0,162;85,91632292
6;40,5;1,25;0,139;73,71832646
6;40,5;1,25;0,15;79,55215085
6;40,5;1,25;0,147;77,96110784
6;40,5;1,25;0,166;88,03771361
6;40,5;1,25;0,175;92,81084266
6;40,5;1,25;0,179;94,93223335
6;40,5;1,25;0,174;92,28049499
6;40,5;1,25;0,137;72,65763111
6;40,5;1,25;0,169;89,62875663
6;40,5;1,25;0,168;89,09840896
6;40,5;1,25;0,207;109,7819682
6;40,5;1,25;0,12;63,64172068
6;81;2,5;0,08;42,42781379
6;81;2,5;0,091;48,26163819
6;81;2,5;0,091;48,26163819
6;81;2,5;0,128;67,88450206
6;81;2,5;0,117;62,05067767
6;81;2,5;0,125;66,29345905
6;81;2,5;0,098;51,97407189
6;81;2,5;0,114;60,45963465
6;81;2,5;0,1;53,03476724
6;81;2,5;0,082;43,48850913
6;81;2,5;0,102;54,09546258
6;81;2,5;0,119;63,11137301
6;81;2,5;0,121;64,17206836
6;81;2,5;0,089;47,20094284
6;81;2,5;0,11;58,33824396
6;81;2,5;0,08;42,42781379
6;81;2,5;0,144;76,37006482
6;81;2,5;0,097;51,44372422
6;162;5;0,012;6,364172068
6;162;5;0,013;6,894519741
6;162;5;0,006;3,182086034
6;162;5;0,009;4,773129051
6;162;5;0,008;4,242781379
6;162;5;0,012;6,364172068
6;162;5;0,006;3,182086034
6;162;5;0,008;4,242781379
6;162;5;0,005;2,651738362
6;162;5;0,01;5,303476724
6;162;5;0,01;5,303476724
6;162;5;0,007;3,712433707
6;162;5;0,028;14,84973483
6;162;5;0,009;4,773129051
6;162;5;0,01;5,303476724
6;162;5;0,01;5,303476724
6;162;5;0,012;6,364172068
6;162;5;0,03;15,91043017
6;405;12,5;0,02;10,60695345
6;405;12,5;0,023;12,19799646
6;405;12,5;0,008;4,242781379
6;405;12,5;0,006;3,182086034
6;405;12,5;0,004;2,121390689
6;405;12,5;0,017;9,01591043
6;405;12,5;0,005;2,651738362
6;405;12,5;0,009;4,773129051
6;405;12,5;0,016;8,485562758
6;405;12,5;0,032;16,97112552
6;405;12,5;0,011;5,833824396
6;405;12,5;0,019;10,07660577
6;405;12,5;0,034;18,03182086
6;405;12,5;0,009;4,773129051
6;405;12,5;0,016;8,485562758
6;405;12,5;0,006;3,182086034
6;405;12,5;0,018;9,546258103
6;405;12,5;0,047;24,9263406
6;810;25;0,026;13,78903948
6;810;25;0,034;18,03182086
6;810;25;0,009;4,773129051
6;810;25;0,01;5,303476724
6;810;25;0,007;3,712433707
6;810;25;0,014;7,424867413
6;810;25;0,01;5,303476724
6;810;25;0,02;10,60695345
6;810;25;0,017;9,01591043
6;810;25;0,019;10,07660577
6;810;25;0,012;6,364172068
6;810;25;0,018;9,546258103
6;810;25;0,019;10,07660577
6;810;25;0,016;8,485562758
6;810;25;0,019;10,07660577
6;810;25;0,011;5,833824396
6;810;25;0,022;11,66764879
6;810;25;0,026;13,78903948
7;0;0;0,421;99,47819238
7;0;0;0,449;106,0943192
7;0;0;0,419;99,00561189
7;0;0;0,442;104,4402875
7;0;0;0,446;105,3854485
7;0;0;0,465;109,8749631
7;0;0;0,454;107,2757704
7;0;0;0,46;108,6935119
7;0;0;0,465;109,8749631
7;0;0;0,454;107,2757704
7;0;0;0,494;116,7273801
7;0;0;0,486;114,8370582
7;0;0;0,443;104,6765777
7;0;0;0,698;164,9305897
7;0;0;0,171;40,40563158
7;0;0;0,286;67,57900955
7;0;0;0,299;70,65078271
7;0;0;0,319;75,37658758
7;0;0;0,39;92,15319484
7;0;0;0,362;85,53706803
7;0;0;0,377;89,08142168
7;0;0;0,459;108,4572216
7;0;0;0,414;97,82416068
7;0;0;0,484;114,3644777
7;8,1;0,25;0,404;95,46125825
7;8,1;0,25;0,433;102,3136753
7;8,1;0,25;0,411;97,11528995
7;8,1;0,25;0,394;93,09835581
7;8,1;0,25;0,397;93,80722654
7;8,1;0,25;0,441;104,2039972
7;8,1;0,25;0,398;94,04351679
7;8,1;0,25;0,445;105,1491582
7;8,1;0,25;0,444;104,912868
7;8,1;0,25;0,466;110,1112533
7;8,1;0,25;0,484;114,3644777
7;8,1;0,25;0,46;108,6935119
7;8,1;0,25;0,413;97,58787043
7;8,1;0,25;0,48;113,4193167
7;8,1;0,25;0,168;39,69676085
7;8,1;0,25;0,258;60,96288274
7;8,1;0,25;0,305;72,06852417
7;8,1;0,25;0,304;71,83223393
7;8,1;0,25;0,365;86,24593876
7;8,1;0,25;0,365;86,24593876
7;8,1;0,25;0,316;74,66771685
7;8,1;0,25;0,414;97,82416068
7;8,1;0,25;0,37;87,42738998
7;8,1;0,25;0,458;108,2209314
7;16,2;0,5;0,323;76,32174855
7;16,2;0,5;0,403;95,224968
7;16,2;0,5;0,352;83,1741656
7;16,2;0,5;0,359;84,8281973
7;16,2;0,5;0,369;87,19109973
7;16,2;0,5;0,368;86,95480949
7;16,2;0,5;0,402;94,98867776
7;16,2;0,5;0,397;93,80722654
7;16,2;0,5;0,402;94,98867776
7;16,2;0,5;0,404;95,46125825
7;16,2;0,5;0,419;99,00561189
7;16,2;0,5;0,479;113,1830265
7;16,2;0,5;0,432;102,0773851
7;16,2;0,5;0,381;90,02658265
7;16,2;0,5;0,121;28,59111943
7;16,2;0,5;0,202;47,73062912
7;16,2;0,5;0,241;56,94594861
7;16,2;0,5;0,248;58,59998031
7;16,2;0,5;0,291;68,76046077
7;16,2;0,5;0,314;74,19513636
7;16,2;0,5;0,283;66,87013882
7;16,2;0,5;0,366;86,482229
7;16,2;0,5;0,314;74,19513636
7;16,2;0,5;0,412;97,35158019
7;40,5;1,25;0,352;83,1741656
7;40,5;1,25;0,398;94,04351679
7;40,5;1,25;0,341;80,57497293
7;40,5;1,25;0,37;87,42738998
7;40,5;1,25;0,367;86,71851925
7;40,5;1,25;0,405;95,69754849
7;40,5;1,25;0,369;87,19109973
7;40,5;1,25;0,408;96,40641922
7;40,5;1,25;0,398;94,04351679
7;40,5;1,25;0,419;99,00561189
7;40,5;1,25;0,42;99,24190214
7;40,5;1,25;0,461;108,9298021
7;40,5;1,25;0,415;98,06045092
7;40,5;1,25;0,399;94,27980703
7;40,5;1,25;0,175;41,35079256
7;40,5;1,25;0,185;43,71369499
7;40,5;1,25;0,212;50,09353155
7;40,5;1,25;0,233;55,05562666
7;40,5;1,25;0,268;63,32578517
7;40,5;1,25;0,31;73,24997539
7;40,5;1,25;0,282;66,63384858
7;40,5;1,25;0,365;86,24593876
7;40,5;1,25;0,335;79,15723147
7;40,5;1,25;0,353;83,41045584
7;81;2,5;0,287;67,81529979
7;81;2,5;0,34;80,33868268
7;81;2,5;0,32;75,61287782
7;81;2,5;0,341;80,57497293
7;81;2,5;0,347;81,99271438
7;81;2,5;0,339;80,10239244
7;81;2,5;0,34;80,33868268
7;81;2,5;0,353;83,41045584
7;81;2,5;0,334;78,92094122
7;81;2,5;0,367;86,71851925
7;81;2,5;0,369;87,19109973
7;81;2,5;0,409;96,64270946
7;81;2,5;0,387;91,44432411
7;81;2,5;0,382;90,2628729
7;81;2,5;0,141;33,31692429
7;81;2,5;0,112;26,46450724
7;81;2,5;0,174;41,11450231
7;81;2,5;0,18;42,53224377
7;81;2,5;0,215;50,80240228
7;81;2,5;0,265;62,61691444
7;81;2,5;0,21;49,62095107
7;81;2,5;0,289;68,28788028
7;81;2,5;0,253;59,78143153
7;81;2,5;0,338;79,8661022
7;162;5;0,239;56,47336812
7;162;5;0,274;64,74352663
7;162;5;0,264;62,3806242
7;162;5;0,272;64,27094615
7;162;5;0,266;62,85320469
7;162;5;0,278;65,6886876
7;162;5;0,244;57,65481934
7;162;5;0,254;60,01772177
7;162;5;0,205;48,43949985
7;162;5;0,261;61,67175347
7;162;5;0,253;59,78143153
7;162;5;0,298;70,41449247
7;162;5;0,283;66,87013882
7;162;5;0,298;70,41449247
7;162;5;0,024;5,670965836
7;162;5;0,014;3,308063405
7;162;5;0,016;3,780643891
7;162;5;0,033;7,797578025
7;162;5;0,076;17,95805848
7;162;5;0,077;18,19434873
7;162;5;0,061;14,41370483
7;162;5;0,136;32,13547307
7;162;5;0,108;25,51934626
7;162;5;0,222;52,45643399
7;405;12,5;0,012;2,835482918
7;405;12,5;0,011;2,599192675
7;405;12,5;0,014;3,308063405
7;405;12,5;0,015;3,544353648
7;405;12,5;0,011;2,599192675
7;405;12,5;0,016;3,780643891
7;405;12,5;0,007;1,654031702
7;405;12,5;0,016;3,780643891
7;405;12,5;0,011;2,599192675
7;405;12,5;0,008;1,890321945
7;405;12,5;0,006;1,417741459
7;405;12,5;0,013;3,071773161
7;405;12,5;0,027;6,379836566
7;405;12,5;0,015;3,544353648
7;405;12,5;0,014;3,308063405
7;405;12,5;0,013;3,071773161
7;405;12,5;0,017;4,016934134
7;405;12,5;0,015;3,544353648
7;405;12,5;0,017;4,016934134
7;405;12,5;0,014;3,308063405
7;405;12,5;0,009;2,126612189
7;405;12,5;0,01;2,362902432
7;405;12,5;0,007;1,654031702
7;405;12,5;0,013;3,071773161
7;810;25;0,007;1,654031702
7;810;25;0,008;1,890321945
7;810;25;0,009;2,126612189
7;810;25;0,012;2,835482918
7;810;25;0,012;2,835482918
7;810;25;0,012;2,835482918
7;810;25;0,012;2,835482918
7;810;25;0,016;3,780643891
7;810;25;0,019;4,48951462
7;810;25;0,013;3,071773161
7;810;25;0,016;3,780643891
7;810;25;0,009;3,780643891
7;810;25;0,014;2,126612189
7;810;25;0,01;2,362902432
7;810;25;0,009;2,126612189
7;810;25;0,012;2,835482918
7;810;25;0,007;1,654031702
7;810;25;0,009;2,126612189
7;810;25;0,008;1,890321945
7;810;25;0,014;3,308063405
7;810;25;0,008;1,890321945
7;810;25;0,007;1,654031702
7;810;25;0,007;1,654031702
7;810;25;0,008;1,890321945
